{"users":[
  {
    "id": "53e58687317c74c7d9de6504",
    "favorite": false,
    "firstName": "Francine",
    "lastName": "Rose",
    "gender": "female",
    "company": "Appcelerator, Inc",
    "email": "Francine.Rose@appcelerator.com",
    "phone": "+1 (850) 571-2723",
    "about": "Nisi ad commodo culpa veniam incididunt duis consequat. Id nisi ex fugiat adipisicing sint do. Deserunt minim dolore culpa occaecat minim exercitation et commodo sit aute ex incididunt. Non non irure aliqua eu velit deserunt ut eiusmod minim do enim do ad incididunt.\r\n",
    "latitude": 36.870332,
    "longitude": -110.962368,
    "photo": "http://api.randomuser.me/portraits/women/0.jpg"
  },
  {
    "id": "53e5868724a25992582407aa",
    "favorite": false,
    "firstName": "Mollie",
    "lastName": "Knight",
    "gender": "female",
    "company": "Appcelerator, Inc",
    "email": "Mollie.Knight@appcelerator.com",
    "phone": "+1 (933) 441-3485",
    "about": "Id aute ipsum pariatur laboris ea sit quis laboris proident. Do et voluptate qui occaecat consectetur cillum adipisicing voluptate ex. Proident eiusmod est officia do amet ut ipsum duis veniam minim duis sint cillum consectetur. Non non aute culpa dolor est nostrud ea commodo pariatur elit pariatur sunt. Nulla id commodo ipsum et excepteur nostrud non ea anim minim deserunt. Ea officia eiusmod enim aute ut dolor. Duis nulla sunt laborum veniam laboris eiusmod.\r\n",
    "latitude": 34.734229,
    "longitude": -102.70047,
    "photo": "http://api.randomuser.me/portraits/women/1.jpg"
  },
  {
    "id": "53e586876f0b9f48e378d860",
    "favorite": true,
    "firstName": "Grimes",
    "lastName": "Erickson",
    "gender": "male",
    "company": "Appcelerator, Inc",
    "email": "Grimes.Erickson@appcelerator.com",
    "phone": "+1 (802) 546-3219",
    "about": "Amet nulla deserunt do velit duis ex anim. Officia esse ipsum sint elit amet ex officia consectetur in ut Lorem pariatur occaecat sit. Labore est aliqua voluptate reprehenderit.\r\n",
    "latitude": 30.764887,
    "longitude": -118.577644,
    "photo": "http://api.randomuser.me/portraits/men/2.jpg"
  },
  {
    "id": "53e58687c7f22a0bdec2d552",
    "favorite": false,
    "firstName": "Petra",
    "lastName": "Holland",
    "gender": "female",
    "company": "Appcelerator, Inc",
    "email": "Petra.Holland@appcelerator.com",
    "phone": "+1 (950) 481-3526",
    "about": "Eiusmod anim quis elit tempor sunt deserunt do qui excepteur proident ipsum id in. Occaecat aliquip adipisicing eu incididunt voluptate incididunt irure anim commodo veniam. Minim anim do in aliqua elit mollit consectetur mollit ad esse minim. Do enim id ex consequat amet. Sit Lorem enim reprehenderit sit voluptate cillum nulla ad ullamco esse aute sint consectetur veniam. Commodo pariatur nostrud esse quis ex cillum ea pariatur in. Amet reprehenderit velit elit ipsum cupidatat sunt est sunt velit incididunt mollit.\r\n",
    "latitude": 31.945119,
    "longitude": -108.253709,
    "photo": "http://api.randomuser.me/portraits/women/3.jpg"
  },
  {
    "id": "53e5868757f20b7e51eff451",
    "favorite": false,
    "firstName": "Barrett",
    "lastName": "Christian",
    "gender": "male",
    "company": "Appcelerator, Inc",
    "email": "Barrett.Christian@appcelerator.com",
    "phone": "+1 (975) 519-2099",
    "about": "Excepteur cupidatat excepteur nulla magna consequat esse incididunt nulla. Aliqua qui eiusmod commodo do do non. Id id cupidatat elit ut eiusmod culpa et cupidatat consectetur laboris culpa labore nostrud.\r\n",
    "latitude": 31.461492,
    "longitude": -92.172478,
    "photo": "http://api.randomuser.me/portraits/men/4.jpg"
  },
  {
    "id": "53e5868788f9728b005797ab",
    "favorite": true,
    "firstName": "Hewitt",
    "lastName": "Bradford",
    "gender": "male",
    "company": "Appcelerator, Inc",
    "email": "Hewitt.Bradford@appcelerator.com",
    "phone": "+1 (800) 485-2733",
    "about": "Do dolore ut voluptate consectetur consequat excepteur id dolore esse nulla ullamco voluptate ea id. Aliqua aliquip magna do do aute esse amet aliquip nisi quis. Aute aute officia labore adipisicing consectetur nulla. Consectetur laborum adipisicing ullamco ea excepteur ea. Est do nisi minim et occaecat sunt ad. Dolor quis dolor ullamco culpa reprehenderit fugiat ad reprehenderit ullamco in. Commodo enim duis duis dolore irure deserunt ea aute laborum exercitation aliquip culpa occaecat qui.\r\n",
    "latitude": 31.184227,
    "longitude": -107.460199,
    "photo": "http://api.randomuser.me/portraits/men/5.jpg"
  },
  {
    "id": "53e586873c590314d2eb1c4b",
    "favorite": false,
    "firstName": "Trisha",
    "lastName": "Vang",
    "gender": "female",
    "company": "Appcelerator, Inc",
    "email": "Trisha.Vang@appcelerator.com",
    "phone": "+1 (886) 509-2030",
    "about": "Anim quis nostrud incididunt ex esse adipisicing voluptate ex esse cupidatat exercitation sit. Laborum esse est ut incididunt cupidatat nisi occaecat ut minim sit. Pariatur aliqua ipsum velit duis commodo ullamco enim aute dolor id adipisicing. Elit mollit fugiat enim id tempor.\r\n",
    "latitude": 32.931728,
    "longitude": -94.189202,
    "photo": "http://api.randomuser.me/portraits/women/6.jpg"
  },
  {
    "id": "53e586872fd175e60d6cdbdf",
    "favorite": false,
    "firstName": "Hollie",
    "lastName": "Saunders",
    "gender": "female",
    "company": "Appcelerator, Inc",
    "email": "Hollie.Saunders@appcelerator.com",
    "phone": "+1 (891) 442-2526",
    "about": "Adipisicing ullamco id aute enim esse commodo. Irure dolor sit deserunt minim. Aute officia minim quis exercitation Lorem. Ex excepteur ut labore cillum non et ad ad culpa reprehenderit cupidatat aliquip nostrud. Sunt culpa in commodo est consequat elit ex velit minim.\r\n",
    "latitude": 34.561157,
    "longitude": -106.569658,
    "photo": "http://api.randomuser.me/portraits/women/7.jpg"
  },
  {
    "id": "53e58687cf5a3ddc657d6609",
    "favorite": true,
    "firstName": "Hayden",
    "lastName": "Knapp",
    "gender": "male",
    "company": "Appcelerator, Inc",
    "email": "Hayden.Knapp@appcelerator.com",
    "phone": "+1 (862) 535-2531",
    "about": "Labore cillum elit elit non enim. Ex minim aliquip duis eu ex magna minim non magna dolor dolor consectetur pariatur. Est eiusmod magna reprehenderit laboris esse. Velit esse labore duis elit voluptate.\r\n",
    "latitude": 36.679918,
    "longitude": -110.574088,
    "photo": "http://api.randomuser.me/portraits/men/8.jpg"
  },
  {
    "id": "53e586878d6752caa4bdf905",
    "favorite": true,
    "firstName": "Dale",
    "lastName": "Atkinson",
    "gender": "male",
    "company": "Appcelerator, Inc",
    "email": "Dale.Atkinson@appcelerator.com",
    "phone": "+1 (848) 435-3007",
    "about": "Dolore reprehenderit est laborum mollit exercitation non dolore. Nostrud exercitation quis eu ullamco non proident ad. Nostrud sunt incididunt elit quis. Amet labore tempor duis nostrud ipsum eu adipisicing reprehenderit labore qui cupidatat anim ea. Consequat tempor dolore incididunt Lorem.\r\n",
    "latitude": 33.364159,
    "longitude": -90.350401,
    "photo": "http://api.randomuser.me/portraits/men/9.jpg"
  },
  {
    "id": "53e5868708d2589783b9406b",
    "favorite": true,
    "firstName": "Jenifer",
    "lastName": "Rosario",
    "gender": "female",
    "company": "Appcelerator, Inc",
    "email": "Jenifer.Rosario@appcelerator.com",
    "phone": "+1 (952) 436-2244",
    "about": "Nostrud et pariatur in nostrud voluptate nulla velit tempor labore exercitation. Veniam reprehenderit amet veniam reprehenderit. Culpa est elit officia labore id ullamco officia. Irure incididunt dolor est velit quis voluptate mollit minim commodo do cupidatat.\r\n",
    "latitude": 31.00181,
    "longitude": -94.591049,
    "photo": "http://api.randomuser.me/portraits/women/10.jpg"
  },
  {
    "id": "53e586878ad6f4db8abc2ef1",
    "favorite": true,
    "firstName": "Ila",
    "lastName": "Stuart",
    "gender": "female",
    "company": "Appcelerator, Inc",
    "email": "Ila.Stuart@appcelerator.com",
    "phone": "+1 (801) 596-2237",
    "about": "Est dolor elit magna et do duis ex labore. Pariatur duis nulla qui aliqua et laborum veniam exercitation elit ea elit. Aliqua et adipisicing eiusmod exercitation do eiusmod tempor.\r\n",
    "latitude": 30.772589,
    "longitude": -121.540199,
    "photo": "http://api.randomuser.me/portraits/women/11.jpg"
  },
  {
    "id": "53e586876290ffbb09f02bf2",
    "favorite": true,
    "firstName": "Marjorie",
    "lastName": "Wilder",
    "gender": "female",
    "company": "Appcelerator, Inc",
    "email": "Marjorie.Wilder@appcelerator.com",
    "phone": "+1 (952) 419-2004",
    "about": "Aliqua proident nulla magna laboris aute dolor enim enim deserunt fugiat in laboris. Ut officia culpa culpa exercitation exercitation ut non elit duis fugiat veniam consectetur deserunt. In quis exercitation Lorem incididunt ipsum. Sint est esse anim enim consequat fugiat. Adipisicing eu exercitation eiusmod sit tempor. Aliqua culpa enim magna quis cillum do qui ipsum culpa. Adipisicing et ea occaecat magna aliquip in nisi consequat incididunt ad dolore eiusmod.\r\n",
    "latitude": 30.772615,
    "longitude": -116.292928,
    "photo": "http://api.randomuser.me/portraits/women/12.jpg"
  },
  {
    "id": "53e58687d230c634762340cb",
    "favorite": true,
    "firstName": "Hebert",
    "lastName": "Delgado",
    "gender": "male",
    "company": "Appcelerator, Inc",
    "email": "Hebert.Delgado@appcelerator.com",
    "phone": "+1 (984) 523-2849",
    "about": "Amet aute esse id incididunt exercitation mollit eiusmod anim. Pariatur in eu proident ipsum amet sit ullamco tempor magna sit. Anim quis sint laborum occaecat. Aliqua officia ut adipisicing irure enim sint veniam ullamco. Ullamco ea exercitation nisi anim exercitation in qui consequat incididunt consequat. Cillum velit adipisicing officia eu laborum nisi reprehenderit officia aliquip fugiat aute.\r\n",
    "latitude": 32.768228,
    "longitude": -90.839359,
    "photo": "http://api.randomuser.me/portraits/men/13.jpg"
  },
  {
    "id": "53e586876d9675e7f96440c1",
    "favorite": true,
    "firstName": "Cornelia",
    "lastName": "Mcfadden",
    "gender": "female",
    "company": "Appcelerator, Inc",
    "email": "Cornelia.Mcfadden@appcelerator.com",
    "phone": "+1 (989) 554-2068",
    "about": "Proident ex in qui sit ullamco mollit velit ad cupidatat quis sunt non duis. Aliquip quis veniam ex quis nostrud enim. Voluptate ipsum et est nisi culpa ad do duis. Enim incididunt ad voluptate consequat pariatur non mollit esse incididunt ad. Cillum ex nulla aliqua enim esse irure occaecat labore reprehenderit veniam. Veniam labore anim nisi proident ea ea.\r\n",
    "latitude": 31.357017,
    "longitude": -98.320441,
    "photo": "http://api.randomuser.me/portraits/women/14.jpg"
  },
  {
    "id": "53e586873f2af0fbe09a02a9",
    "favorite": true,
    "firstName": "Rosario",
    "lastName": "Joyce",
    "gender": "female",
    "company": "Appcelerator, Inc",
    "email": "Rosario.Joyce@appcelerator.com",
    "phone": "+1 (921) 550-2740",
    "about": "Pariatur velit amet adipisicing sint anim do amet commodo elit irure excepteur aliquip dolor culpa. Dolor consequat velit do non anim. Reprehenderit sint occaecat duis sint adipisicing. Est deserunt do consectetur tempor officia sit cupidatat do deserunt Lorem aute. Consequat esse aliquip consequat nulla labore aliquip.\r\n",
    "latitude": 36.074283,
    "longitude": -104.425013,
    "photo": "http://api.randomuser.me/portraits/women/15.jpg"
  },
  {
    "id": "53e5868749fc28f219241881",
    "favorite": true,
    "firstName": "Washington",
    "lastName": "Pitts",
    "gender": "male",
    "company": "Appcelerator, Inc",
    "email": "Washington.Pitts@appcelerator.com",
    "phone": "+1 (901) 468-2664",
    "about": "Ullamco occaecat officia cupidatat ex nisi reprehenderit nostrud exercitation nisi commodo nostrud ad proident duis. Cupidatat eu mollit ullamco ipsum quis anim. Consectetur amet ex est voluptate voluptate duis nulla occaecat duis sint fugiat. Sint officia est cupidatat pariatur fugiat. Excepteur sint velit cillum amet laboris ullamco magna officia.\r\n",
    "latitude": 32.445602,
    "longitude": -95.234734,
    "photo": "http://api.randomuser.me/portraits/men/16.jpg"
  },
  {
    "id": "53e58687164f01720241fe76",
    "favorite": true,
    "firstName": "Pierce",
    "lastName": "Richard",
    "gender": "male",
    "company": "Appcelerator, Inc",
    "email": "Pierce.Richard@appcelerator.com",
    "phone": "+1 (880) 544-2751",
    "about": "Consectetur cupidatat ex eu cupidatat sunt ut proident labore duis cupidatat. Laborum adipisicing excepteur aliqua consequat dolore. Anim velit sint est esse aliqua amet do sunt nisi.\r\n",
    "latitude": 35.318933,
    "longitude": -115.093098,
    "photo": "http://api.randomuser.me/portraits/men/17.jpg"
  },
  {
    "id": "53e58687f536f2a9c3804606",
    "favorite": true,
    "firstName": "Belinda",
    "lastName": "Jenkins",
    "gender": "female",
    "company": "Appcelerator, Inc",
    "email": "Belinda.Jenkins@appcelerator.com",
    "phone": "+1 (879) 429-2834",
    "about": "Deserunt sint deserunt officia fugiat culpa ea voluptate id tempor id quis fugiat nulla nulla. Nostrud adipisicing in labore duis minim mollit dolore ex consequat nostrud ipsum laboris laborum aliqua. Ipsum mollit do officia laboris dolore ex amet amet minim eu reprehenderit velit sint aute.\r\n",
    "latitude": 30.250118,
    "longitude": -114.151501,
    "photo": "http://api.randomuser.me/portraits/women/18.jpg"
  },
  {
    "id": "53e586873be35903952e63db",
    "favorite": true,
    "firstName": "Vega",
    "lastName": "Mckee",
    "gender": "male",
    "company": "Appcelerator, Inc",
    "email": "Vega.Mckee@appcelerator.com",
    "phone": "+1 (981) 600-2210",
    "about": "Nisi minim elit labore officia nostrud. Ipsum aute quis nisi exercitation pariatur tempor enim dolor. Fugiat do eiusmod qui velit amet sint cupidatat sint consequat. Elit non proident culpa est officia nisi deserunt in. Elit commodo elit cupidatat irure qui nulla. Minim amet eiusmod ex incididunt nisi aute magna eiusmod ut velit amet.\r\n",
    "latitude": 34.486861,
    "longitude": -108.370479,
    "photo": "http://api.randomuser.me/portraits/men/19.jpg"
  },
  {
    "id": "53e5868711b107d34008f789",
    "favorite": true,
    "firstName": "Watson",
    "lastName": "Hyde",
    "gender": "male",
    "company": "Appcelerator, Inc",
    "email": "Watson.Hyde@appcelerator.com",
    "phone": "+1 (946) 453-2228",
    "about": "Commodo pariatur elit quis labore irure amet ad id cillum occaecat consequat consequat aliqua. Duis ipsum reprehenderit dolore id incididunt ipsum ullamco quis sit culpa occaecat. Consectetur ullamco incididunt ea reprehenderit minim esse in. Mollit reprehenderit et commodo culpa culpa velit duis Lorem laboris. Tempor enim esse Lorem aliquip sunt elit magna ullamco ullamco occaecat. Nulla ea minim consequat amet. Consequat magna dolor pariatur reprehenderit et do elit eiusmod ullamco ullamco.\r\n",
    "latitude": 36.27178,
    "longitude": -97.587428,
    "photo": "http://api.randomuser.me/portraits/men/20.jpg"
  },
  {
    "id": "53e58687efb94933c10b15af",
    "favorite": false,
    "firstName": "Jennie",
    "lastName": "Pearson",
    "gender": "female",
    "company": "Appcelerator, Inc",
    "email": "Jennie.Pearson@appcelerator.com",
    "phone": "+1 (926) 441-2598",
    "about": "Amet sit enim elit cillum ullamco irure excepteur anim nisi irure nulla. Esse proident culpa magna deserunt magna do irure id veniam dolor. Lorem proident eiusmod ipsum consectetur ex laboris minim commodo Lorem. Cillum nulla tempor laborum ad aute ex aliquip aute nostrud pariatur deserunt aute officia. Voluptate ex tempor do tempor laborum officia ut consectetur cupidatat commodo occaecat occaecat anim. Sunt excepteur nisi sunt est.\r\n",
    "latitude": 36.880815,
    "longitude": -120.034737,
    "photo": "http://api.randomuser.me/portraits/women/21.jpg"
  },
  {
    "id": "53e5868707c10819ac7826f5",
    "favorite": true,
    "firstName": "Leon",
    "lastName": "Armstrong",
    "gender": "male",
    "company": "Appcelerator, Inc",
    "email": "Leon.Armstrong@appcelerator.com",
    "phone": "+1 (909) 588-3540",
    "about": "Duis cupidatat nulla reprehenderit nostrud fugiat. Non nostrud esse ullamco reprehenderit qui. Sit ex non dolore quis do. Commodo sint sunt excepteur sunt ut sit est quis proident laboris consequat ut enim ipsum.\r\n",
    "latitude": 36.106524,
    "longitude": -115.318645,
    "photo": "http://api.randomuser.me/portraits/men/22.jpg"
  },
  {
    "id": "53e58687db96819cf9a7bb95",
    "favorite": true,
    "firstName": "Porter",
    "lastName": "Alston",
    "gender": "male",
    "company": "Appcelerator, Inc",
    "email": "Porter.Alston@appcelerator.com",
    "phone": "+1 (910) 538-2006",
    "about": "Reprehenderit nulla dolore mollit aliquip. Exercitation magna proident eu sunt cupidatat eu fugiat enim consequat. Sint sint fugiat qui ea fugiat occaecat tempor incididunt dolor amet. Consequat proident velit ex ut magna fugiat do excepteur fugiat Lorem ipsum exercitation. Amet sunt culpa aliqua occaecat proident voluptate exercitation occaecat officia aliqua nulla. Tempor quis officia labore enim ut laborum mollit duis.\r\n",
    "latitude": 33.081111,
    "longitude": -90.939029,
    "photo": "http://api.randomuser.me/portraits/men/23.jpg"
  },
  {
    "id": "53e5868741dde1b933407c70",
    "favorite": false,
    "firstName": "Fox",
    "lastName": "Gillespie",
    "gender": "male",
    "company": "Appcelerator, Inc",
    "email": "Fox.Gillespie@appcelerator.com",
    "phone": "+1 (806) 518-2678",
    "about": "Pariatur nisi dolor do enim exercitation officia eiusmod enim duis ipsum nulla ipsum nostrud deserunt. Sint mollit elit reprehenderit pariatur et eiusmod sint officia consectetur officia. Eu quis veniam ut Lorem. Ullamco id exercitation fugiat cillum enim aute eu ipsum consequat anim. Aliqua do commodo anim anim nostrud eiusmod. Ut nulla ipsum velit proident nostrud elit exercitation ipsum.\r\n",
    "latitude": 35.13316,
    "longitude": -117.684455,
    "photo": "http://api.randomuser.me/portraits/men/24.jpg"
  },
  {
    "id": "53e58687a88aca1755b449bb",
    "favorite": true,
    "firstName": "Teresa",
    "lastName": "Oneil",
    "gender": "female",
    "company": "Appcelerator, Inc",
    "email": "Teresa.Oneil@appcelerator.com",
    "phone": "+1 (842) 520-2054",
    "about": "Ut sint consequat nostrud officia esse proident irure. In ullamco id eu consectetur esse culpa in exercitation anim fugiat ea dolor duis. Ex quis adipisicing in voluptate ullamco cupidatat eiusmod nulla minim nulla. Ea sint irure nisi id occaecat tempor amet consequat enim velit. Culpa voluptate nisi sunt duis velit ex ipsum amet. Non do aliquip et quis Lorem commodo ad anim in aliquip.\r\n",
    "latitude": 34.394056,
    "longitude": -98.670455,
    "photo": "http://api.randomuser.me/portraits/women/25.jpg"
  },
  {
    "id": "53e586874634c7de66371612",
    "favorite": false,
    "firstName": "Christa",
    "lastName": "Soto",
    "gender": "female",
    "company": "Appcelerator, Inc",
    "email": "Christa.Soto@appcelerator.com",
    "phone": "+1 (886) 416-3111",
    "about": "Non nostrud dolore adipisicing qui ea dolore elit non labore sit anim adipisicing magna. Consectetur labore veniam est nostrud Lorem irure nisi consequat veniam non id do. Velit officia qui occaecat nisi dolore esse laborum pariatur. Eiusmod cillum ea culpa qui velit laborum qui et nisi mollit laborum non tempor incididunt. Culpa Lorem non proident elit quis labore consectetur labore esse voluptate irure reprehenderit adipisicing magna.\r\n",
    "latitude": 36.932798,
    "longitude": -106.635613,
    "photo": "http://api.randomuser.me/portraits/women/26.jpg"
  },
  {
    "id": "53e58687832ff49d60fc0ba7",
    "favorite": true,
    "firstName": "Tucker",
    "lastName": "Dale",
    "gender": "male",
    "company": "Appcelerator, Inc",
    "email": "Tucker.Dale@appcelerator.com",
    "phone": "+1 (923) 511-2246",
    "about": "Dolore amet exercitation tempor laboris. Id culpa consectetur ipsum incididunt proident et fugiat. Qui laboris ad velit officia nisi. Minim commodo ullamco dolor esse fugiat sit voluptate ullamco eiusmod magna officia aliqua. Elit ad nostrud voluptate et exercitation do ad duis. Ea exercitation officia culpa ex dolor tempor dolor ipsum elit labore dolore officia laboris enim.\r\n",
    "latitude": 30.81411,
    "longitude": -90.383253,
    "photo": "http://api.randomuser.me/portraits/men/27.jpg"
  },
  {
    "id": "53e58687af8300f25d65890e",
    "favorite": false,
    "firstName": "Fuentes",
    "lastName": "Benjamin",
    "gender": "male",
    "company": "Appcelerator, Inc",
    "email": "Fuentes.Benjamin@appcelerator.com",
    "phone": "+1 (986) 509-2827",
    "about": "Velit veniam sint anim ullamco nisi eu amet sunt nulla reprehenderit proident exercitation cillum. Sit fugiat cillum officia ut exercitation ut aliquip aliquip voluptate nostrud amet. Ex aute adipisicing laboris fugiat commodo et ullamco laborum nulla cupidatat aliqua incididunt sunt est.\r\n",
    "latitude": 34.55873,
    "longitude": -99.88636,
    "photo": "http://api.randomuser.me/portraits/men/28.jpg"
  },
  {
    "id": "53e5868787309031cf63c3ad",
    "favorite": true,
    "firstName": "Barlow",
    "lastName": "Owen",
    "gender": "male",
    "company": "Appcelerator, Inc",
    "email": "Barlow.Owen@appcelerator.com",
    "phone": "+1 (898) 562-3071",
    "about": "Sint cillum sunt ad tempor dolor adipisicing aliqua tempor consectetur nulla. Et Lorem sunt et occaecat nostrud tempor tempor in nisi est nostrud quis in. Exercitation eiusmod qui duis tempor tempor fugiat consequat in officia sunt officia mollit do. Eu enim qui fugiat non aliqua cupidatat tempor ad irure irure reprehenderit ex. Eu eiusmod eiusmod aliqua in ipsum exercitation nostrud irure nisi.\r\n",
    "latitude": 33.552191,
    "longitude": -114.174948,
    "photo": "http://api.randomuser.me/portraits/men/29.jpg"
  },
  {
    "id": "53e58687bb08b0071dd4342c",
    "favorite": false,
    "firstName": "Ruth",
    "lastName": "Morrison",
    "gender": "female",
    "company": "Appcelerator, Inc",
    "email": "Ruth.Morrison@appcelerator.com",
    "phone": "+1 (839) 452-3859",
    "about": "Culpa non duis ea in laborum deserunt in cupidatat non mollit adipisicing nostrud incididunt. Id eu nulla eu anim pariatur incididunt non excepteur velit eiusmod. Quis ut sit consectetur dolor.\r\n",
    "latitude": 35.564845,
    "longitude": -106.478819,
    "photo": "http://api.randomuser.me/portraits/women/30.jpg"
  },
  {
    "id": "53e58687f2c7026135714001",
    "favorite": false,
    "firstName": "Glenna",
    "lastName": "Warren",
    "gender": "female",
    "company": "Appcelerator, Inc",
    "email": "Glenna.Warren@appcelerator.com",
    "phone": "+1 (832) 451-2314",
    "about": "Laborum sit quis amet aliquip nisi duis elit consectetur anim ex. Culpa duis amet in esse est enim enim laborum minim esse Lorem. Labore enim aliqua labore nulla occaecat culpa proident sint cupidatat et. Duis eu incididunt aliqua ipsum veniam nostrud aute voluptate. Pariatur nulla ea eiusmod elit.\r\n",
    "latitude": 30.745905,
    "longitude": -93.78664,
    "photo": "http://api.randomuser.me/portraits/women/31.jpg"
  },
  {
    "id": "53e586874a21118dc195ca9c",
    "favorite": false,
    "firstName": "Angel",
    "lastName": "Estrada",
    "gender": "female",
    "company": "Appcelerator, Inc",
    "email": "Angel.Estrada@appcelerator.com",
    "phone": "+1 (960) 525-3965",
    "about": "Pariatur enim eiusmod eu quis voluptate ut. Sunt aliqua cillum nisi eiusmod laborum consequat ex. Sunt officia velit magna voluptate ut labore anim ex velit reprehenderit.\r\n",
    "latitude": 35.931408,
    "longitude": -109.314342,
    "photo": "http://api.randomuser.me/portraits/women/32.jpg"
  },
  {
    "id": "53e58687187d0cb925afdde7",
    "favorite": true,
    "firstName": "Walsh",
    "lastName": "Dennis",
    "gender": "male",
    "company": "Appcelerator, Inc",
    "email": "Walsh.Dennis@appcelerator.com",
    "phone": "+1 (882) 421-3448",
    "about": "Exercitation eu sint nisi anim sunt proident dolore voluptate officia incididunt cupidatat elit deserunt. Ex proident qui elit proident proident officia est irure. Esse consectetur et duis enim esse enim elit aliquip qui. Eu et amet velit commodo excepteur quis tempor duis do officia excepteur consequat mollit do.\r\n",
    "latitude": 33.578299,
    "longitude": -120.152318,
    "photo": "http://api.randomuser.me/portraits/men/33.jpg"
  },
  {
    "id": "53e58687c57229b2059ee83b",
    "favorite": true,
    "firstName": "Roxanne",
    "lastName": "Grant",
    "gender": "female",
    "company": "Appcelerator, Inc",
    "email": "Roxanne.Grant@appcelerator.com",
    "phone": "+1 (869) 468-3271",
    "about": "Voluptate elit occaecat quis officia ullamco. Minim non non est ut pariatur id veniam proident eu aliquip do. Pariatur fugiat laboris nisi sunt culpa ipsum proident. Sit enim veniam proident ex nostrud ea adipisicing magna ut dolor nulla consequat irure consectetur.\r\n",
    "latitude": 35.151926,
    "longitude": -107.674696,
    "photo": "http://api.randomuser.me/portraits/women/34.jpg"
  },
  {
    "id": "53e58687cdc4830381c53275",
    "favorite": false,
    "firstName": "Bishop",
    "lastName": "Shannon",
    "gender": "male",
    "company": "Appcelerator, Inc",
    "email": "Bishop.Shannon@appcelerator.com",
    "phone": "+1 (997) 555-3054",
    "about": "Consequat sint fugiat adipisicing duis id occaecat excepteur nostrud incididunt id et veniam voluptate nisi. Do aliqua deserunt elit pariatur sit ut eiusmod laborum nisi voluptate ex ut officia excepteur. Officia esse excepteur eu sint veniam anim cupidatat laborum est aliquip ut esse qui nisi. Lorem nostrud ullamco cillum proident reprehenderit mollit veniam sit do deserunt. Sint culpa aliqua sit ullamco eiusmod velit tempor ex dolore voluptate veniam incididunt incididunt nisi.\r\n",
    "latitude": 33.045008,
    "longitude": -118.778363,
    "photo": "http://api.randomuser.me/portraits/men/35.jpg"
  },
  {
    "id": "53e586877bec3d7e19196147",
    "favorite": false,
    "firstName": "Freida",
    "lastName": "Mcgee",
    "gender": "female",
    "company": "Appcelerator, Inc",
    "email": "Freida.Mcgee@appcelerator.com",
    "phone": "+1 (943) 430-2328",
    "about": "Voluptate eu commodo cupidatat reprehenderit elit tempor consequat cillum ad anim exercitation. Sunt ipsum ipsum quis ut ut sit velit est adipisicing. Aute officia officia occaecat nisi dolor exercitation mollit aute cillum. Officia nisi excepteur tempor laborum mollit cillum sint consequat laborum Lorem irure pariatur non reprehenderit.\r\n",
    "latitude": 36.923883,
    "longitude": -103.948827,
    "photo": "http://api.randomuser.me/portraits/women/36.jpg"
  },
  {
    "id": "53e5868767dd6aa0057d3753",
    "favorite": false,
    "firstName": "Cassandra",
    "lastName": "Benson",
    "gender": "female",
    "company": "Appcelerator, Inc",
    "email": "Cassandra.Benson@appcelerator.com",
    "phone": "+1 (841) 442-3936",
    "about": "Non ex ea quis sint mollit deserunt fugiat laboris proident magna adipisicing aliquip ipsum. Laboris dolore amet exercitation veniam exercitation Lorem fugiat. Occaecat pariatur eu anim ea pariatur ipsum irure tempor magna nostrud ad dolor veniam nostrud. Est id excepteur ad mollit sit duis irure commodo et esse.\r\n",
    "latitude": 32.991508,
    "longitude": -93.800513,
    "photo": "http://api.randomuser.me/portraits/women/37.jpg"
  }
]}
